SourceName,CODICE_COMMITTENTE,ALIQUOTA_IVA,DATA,P_IVA,UNITAMISURA,IMPORTO_TOTALE_DOCUMENTO,NUMERO,TIPO_DOCUMENTO,RAGIONE_SOCIALE,SEDE_INDIRIZZO_CESSIONARIO,QUANTITA,DESCRIZIONE,IMPONIBILE_IMPORTO,PREZZO_UNITARIO
IT01228510416_8VH6Q,09247360960,22.0,2024-12-27,01228510416,PZ,215.29,IMA0188619,TD01,Caffe' Pascucci Torrefazione S.p.a.,VIA STENDHAL 30,18.00000000,CAPS CAFFE' MILD PROFESSIONAL PLUS 25 pz,176.472,10.32
IT01378570350_jh3Gi,09247360960,4.0,2024-12-20,04916380159,Num.,27.42,2544015528,TD01,Esselunga S.p.A.,VIA STENDHAL 30,2.000,BIS JULIENNE NATURAMA-GR  300,2.27,1.135
IT01378570350_jh3Gi,09247360960,4.0,2024-12-20,04916380159,Num.,27.42,2544015528,TD01,Esselunga S.p.A.,VIA STENDHAL 30,6.000,INS. ALLEGRA  NAT.-GR  200,11.42,1.903333
IT01378570350_jh3Gi,09247360960,10.0,2024-12-20,04916380159,Num.,27.42,2544015528,TD01,Esselunga S.p.A.,VIA STENDHAL 30,1.000,CESTO 178400 ARMONIA DOLCE IVA 10-UN    1-178400 CONFEZ.ARMONIA DOLCE,8.8,8.8
IT01378570350_jh3Gi,09247360960,22.0,2024-12-20,04916380159,Num.,27.42,2544015528,TD01,Esselunga S.p.A.,VIA STENDHAL 30,1.000,CESTO 178400 ARMONIA DOLCE IVA 22-UN    1-178400 CONFEZ.ARMONIA DOLCE,2.71,2.71
IT01378570350_jh3Gi,09247360960,22.0,2024-12-20,04916380159,Num.,27.42,2544015528,TD01,Esselunga S.p.A.,VIA STENDHAL 30,2.000,SHOPPER-UN    1,0.16,0.08
IT016417907022024b_0cLEv,09247360960,22.0,2024-12-03,02223530060,,1130.33,SXK0Q,TD01,Birrificio Civale srl,"VIA STENDHAL, 30",1.00,"Realizzazione prima mezza  cotta con marchio cliente (BIRRA MODERN IPA denominata ""STANDHALINA"") a norma secondo accordi e contenenti le indicazioni obbligatorie di legge",0.0,0.0
IT016417907022024b_0cLEv,09247360960,22.0,2024-12-03,02223530060,,1130.33,SXK0Q,TD01,Birrificio Civale srl,"VIA STENDHAL, 30",11.00,"BIRRA ""STANDHALINA"" BEER GALLERY MODERN IPA  (mezza cotta) (rif ns Eureka)",924.0,84.0
IT016417907022024b_0cLEv,09247360960,22.0,2024-12-03,02223530060,,1130.33,SXK0Q,TD01,Birrificio Civale srl,"VIA STENDHAL, 30",,Spese d'incasso,2.5,2.5
IT016417907022024n_0cLJJ,09247360960,22.0,2024-12-03,02223530060,,1130.33,SXK0P,TD04,Birrificio Civale srl,"VIA STENDHAL, 30",,RESO:,0.0,0.0
IT016417907022024n_0cLJJ,09247360960,22.0,2024-12-03,02223530060,pz,1130.33,SXK0P,TD04,Birrificio Civale srl,"VIA STENDHAL, 30",11.00,Fusto Standhalina 24Lt PK,924.0,84.0
IT016417907022024n_0cLJJ,09247360960,22.0,2024-12-03,02223530060,,1130.33,SXK0P,TD04,Birrificio Civale srl,"VIA STENDHAL, 30",1.00,storno spese di incasso,2.5,2.5
IT01879020517A2024_h1icZ,09247360960,0.0,2024-12-13,11690860967,,362.00,71,TD01,,VIA ENRICO STENDHAL,1.00,Realizzazione sottobicchieri rotondi,180.0,180.0
IT01879020517A2024_h1icZ,09247360960,0.0,2024-12-13,11690860967,,362.00,71,TD01,,VIA ENRICO STENDHAL,1.00,Realizzazione sottobicchieri quadrati,180.0,180.0
IT01879020517A2024_h1icZ,09247360960,0.0,2024-12-13,11690860967,,362.00,71,TD01,,VIA ENRICO STENDHAL,1.00,Imposta di bollo assolta in modo virtuale ai sensi dell'articolo 15 del d.p.r. 642/1972 e del DM 17/06/2014.,2.0,2.0
IT02355260981_U8stn,09247360960,22.0,2024-12-06,05602640962,,27.05,U8stn,TD01,Bricocenter Italia S.r.l.,VIA STENDHAL 30,1.00,PROLUNGA,14.34,14.34
IT02355260981_U8stn,09247360960,22.0,2024-12-06,05602640962,,27.05,U8stn,TD01,Bricocenter Italia S.r.l.,VIA STENDHAL 30,1.00,FASCETTE,4.18,4.18
IT02355260981_U8stn,09247360960,22.0,2024-12-06,05602640962,,27.05,U8stn,TD01,Bricocenter Italia S.r.l.,VIA STENDHAL 30,1.00,ADATTATORE,3.65,3.65
IT02355260981_UFioS,09247360960,22.0,2024-12-15,05602640962,,10.60,UFioS,TD01,Bricocenter Italia S.r.l.,VIA STENDHAL 30,1.00,CHIODO,2.3,2.3
IT02355260981_UFioS,09247360960,22.0,2024-12-15,05602640962,,10.60,UFioS,TD01,Bricocenter Italia S.r.l.,VIA STENDHAL 30,1.00,ACCENDINO,1.89,1.89
IT02355260981_UFioS,09247360960,22.0,2024-12-15,05602640962,,10.60,UFioS,TD01,Bricocenter Italia S.r.l.,VIA STENDHAL 30,1.00,ADATTATORE,4.51,4.51
IT03336420967_nfcg7,09247360960,22.0,2024-12-06,02144350069,NR,170.80,0039347143,TD01,BIRRIFICIO HENQUET DI NADAL PIERINO & C.SAS,VIA ENRICO STENDHAL 30,2.00000000,Fusto di Birra Pils  20 litri lotto 09424 scadenza 15/02//2025,140.0,70.0
IT03336420967_nfcg7,09247360960,22.0,2024-12-06,02144350069,,170.80,0039347143,TD01,BIRRIFICIO HENQUET DI NADAL PIERINO & C.SAS,VIA ENRICO STENDHAL 30,,"Contributo Ambientale CONAI assolto all'origine. Le scadenze sono valide se si rispettano le condizioni di stoccaggio riportate sul sigillo del fusto. Assolve agli obblighi di cui all'Art. 62 Comma 1 del D.L. 24 Gennaio 2012 N°1 convertito, con modificazioni, dalla Legge 24 Marzo 2012 N° 27. Durata del contratto ISTANTANEO. Per presa visione:",0.0,0.0
IT03336420967_nfcg7,09247360960,22.0,2024-12-06,02144350069,,170.80,0039347143,TD01,BIRRIFICIO HENQUET DI NADAL PIERINO & C.SAS,VIA ENRICO STENDHAL 30,,Riga ausiliaria contenente informazioni tecniche e aggiuntive del documento,0.0,0.0
IT04107060966_9acs0,09247360960,22.0,2024-12-03,10542790968,NR,21.96,007-571893,TD01,Nexi Payments SpA,VIA ENRICO STENDHAL 30,,Cod.Comm. 022201545,0.0,0.0
IT04107060966_9acs0,09247360960,22.0,2024-12-03,10542790968,NR,21.96,007-571893,TD01,Nexi Payments SpA,VIA ENRICO STENDHAL 30,1.000,Canone SmartPOS Mini con stampante - NOVEMBRE  '24   TID:92430019,18.0,18.0
IT04157540966_9n685,09247360960,10.0,2024-12-09,02827030962,,538.52,9n685,TD01,METRO Italia S.p.A.,VIA ENRICO STENDHAL,6.00,G160 BATTUTA BOVINO AD.SKIN,13.74,2.29
IT04157540966_9n685,09247360960,4.0,2024-12-09,02827030962,,538.52,9n685,TD01,METRO Italia S.p.A.,VIA ENRICO STENDHAL,1.00,G500 MASCARPONE STERILGARDA,3.79,3.79
IT04157540966_9n685,09247360960,22.0,2024-12-09,02827030962,,538.52,9n685,TD01,METRO Italia S.p.A.,VIA ENRICO STENDHAL,1.00,CL 70 TANQUERAY 0.0,9.49,9.49
IT04157540966_9n685,09247360960,22.0,2024-12-09,02827030962,,538.52,9n685,TD01,METRO Italia S.p.A.,VIA ENRICO STENDHAL,1.00,CL 70MEZCAL ENCANTADO 43.,27.49,27.49
IT04157540966_9n685,09247360960,10.0,2024-12-09,02827030962,,538.52,9n685,TD01,METRO Italia S.p.A.,VIA ENRICO STENDHAL,1.00,G800 SALSA TONN TD MC,6.15,6.15
IT04157540966_9n685,09247360960,4.0,2024-12-09,02827030962,,538.52,9n685,TD01,METRO Italia S.p.A.,VIA ENRICO STENDHAL,0.81,CAV. CAPP. B. CS FILM (IT I),1.61,1.99
IT04157540966_9n685,09247360960,4.0,2024-12-09,02827030962,,538.52,9n685,TD01,METRO Italia S.p.A.,VIA ENRICO STENDHAL,0.91,CAV. CAPP. B. CS FILM (IT I),1.81,1.99
IT04157540966_9n685,09247360960,4.0,2024-12-09,02827030962,,538.52,9n685,TD01,METRO Italia S.p.A.,VIA ENRICO STENDHAL,1.00,G510 PANBURGER PRET. 6X85G MC,2.42,2.42
IT04157540966_9n685,09247360960,4.0,2024-12-09,02827030962,,538.52,9n685,TD01,METRO Italia S.p.A.,VIA ENRICO STENDHAL,1.00,G510 PANBURGER PRET. 6X85G MC,2.42,2.42
IT04157540966_9n685,09247360960,4.0,2024-12-09,02827030962,,538.52,9n685,TD01,METRO Italia S.p.A.,VIA ENRICO STENDHAL,1.00,G510 PANBURGER PRET. 6X85G MC,2.42,2.42
IT04157540966_9n685,09247360960,4.0,2024-12-09,02827030962,,538.52,9n685,TD01,METRO Italia S.p.A.,VIA ENRICO STENDHAL,1.00,G510 PANBURGER PRET. 6X85G MC,2.42,2.42
IT04157540966_9n685,09247360960,10.0,2024-12-09,02827030962,,538.52,9n685,TD01,METRO Italia S.p.A.,VIA ENRICO STENDHAL,1.00,G250BISC.GRANCEREALE DIGESTIVE,1.74,1.74
IT04157540966_9n685,09247360960,10.0,2024-12-09,02827030962,,538.52,9n685,TD01,METRO Italia S.p.A.,VIA ENRICO STENDHAL,1.00,G250BISC.GRANCEREALE DIGESTIVE,1.74,1.74
IT04157540966_9n685,09247360960,10.0,2024-12-09,02827030962,,538.52,9n685,TD01,METRO Italia S.p.A.,VIA ENRICO STENDHAL,1.00,G250BISC.GRANCEREALE DIGESTIVE,1.74,1.74
IT04157540966_9n685,09247360960,10.0,2024-12-09,02827030962,,538.52,9n685,TD01,METRO Italia S.p.A.,VIA ENRICO STENDHAL,1.00,G250BISC.GRANCEREALE DIGESTIVE,1.74,1.74
IT04157540966_9n685,09247360960,10.0,2024-12-09,02827030962,,538.52,9n685,TD01,METRO Italia S.p.A.,VIA ENRICO STENDHAL,1.00,"KG2,5 FIL PETTO POLLO PREC MC",20.29,20.29
IT04157540966_9n685,09247360960,10.0,2024-12-09,02827030962,,538.52,9n685,TD01,METRO Italia S.p.A.,VIA ENRICO STENDHAL,1.00,KG1 PULLED PORK IQF SURGELATO,16.39,16.39
IT04157540966_9n685,09247360960,10.0,2024-12-09,02827030962,,538.52,9n685,TD01,METRO Italia S.p.A.,VIA ENRICO STENDHAL,1.00,G500  RITAGLI SALMONE AFFUMIC.,6.29,6.29
IT04157540966_9n685,09247360960,10.0,2024-12-09,02827030962,,538.52,9n685,TD01,METRO Italia S.p.A.,VIA ENRICO STENDHAL,1.00,G800SALSA GUACA MC,8.99,8.99
IT04157540966_9n685,09247360960,10.0,2024-12-09,02827030962,,538.52,9n685,TD01,METRO Italia S.p.A.,VIA ENRICO STENDHAL,1.00,G800SALSA GUACA MC,8.99,8.99
IT04157540966_9n685,09247360960,10.0,2024-12-09,02827030962,,538.52,9n685,TD01,METRO Italia S.p.A.,VIA ENRICO STENDHAL,1.00,ML875SALSA CLASSIC BURGER HEIN,4.39,4.39
IT04157540966_9n685,09247360960,10.0,2024-12-09,02827030962,,538.52,9n685,TD01,METRO Italia S.p.A.,VIA ENRICO STENDHAL,1.00,ML875SALSA CLASSIC BURGER HEIN,4.39,4.39
IT04157540966_9n685,09247360960,22.0,2024-12-09,02827030962,,538.52,9n685,TD01,METRO Italia S.p.A.,VIA ENRICO STENDHAL,1.00,CL50 ACQUA FRIZ.S.BENEDET.PET,3.12,3.12
IT04157540966_9n685,09247360960,22.0,2024-12-09,02827030962,,538.52,9n685,TD01,METRO Italia S.p.A.,VIA ENRICO STENDHAL,1.00,CL50 ACQUA NAT.S.BENEDET.PET,3.12,3.12
IT04157540966_9n685,09247360960,22.0,2024-12-09,02827030962,,538.52,9n685,TD01,METRO Italia S.p.A.,VIA ENRICO STENDHAL,1.00,CL50 ACQUA NAT.S.BENEDET.PET,3.12,3.12
IT04157540966_9n685,09247360960,10.0,2024-12-09,02827030962,,538.52,9n685,TD01,METRO Italia S.p.A.,VIA ENRICO STENDHAL,1.00,"KG2,5 CRUNCHY PETALS MC CAIN",6.99,6.99
IT04157540966_9n685,09247360960,10.0,2024-12-09,02827030962,,538.52,9n685,TD01,METRO Italia S.p.A.,VIA ENRICO STENDHAL,1.00,"KG2,5 CRUNCHY PETALS MC CAIN",6.99,6.99
IT04157540966_9n685,09247360960,10.0,2024-12-09,02827030962,,538.52,9n685,TD01,METRO Italia S.p.A.,VIA ENRICO STENDHAL,1.00,"KG2,5 CRUNCHY PETALS MC CAIN",6.99,6.99
IT04157540966_9n685,09247360960,4.0,2024-12-09,02827030962,,538.52,9n685,TD01,METRO Italia S.p.A.,VIA ENRICO STENDHAL,1.00,KG1 52 FETTINE CHEDDAR,7.59,7.59
IT04157540966_9n685,09247360960,4.0,2024-12-09,02827030962,,538.52,9n685,TD01,METRO Italia S.p.A.,VIA ENRICO STENDHAL,1.00,KG1 52 FETTINE CHEDDAR,7.59,7.59
IT04157540966_9n685,09247360960,4.0,2024-12-09,02827030962,,538.52,9n685,TD01,METRO Italia S.p.A.,VIA ENRICO STENDHAL,1.00,KG1 52 FETTINE CHEDDAR,7.59,7.59
IT04157540966_9n685,09247360960,4.0,2024-12-09,02827030962,,538.52,9n685,TD01,METRO Italia S.p.A.,VIA ENRICO STENDHAL,1.00,KG1 52 FETTINE CHEDDAR,7.59,7.59
IT04157540966_9n685,09247360960,10.0,2024-12-09,02827030962,,538.52,9n685,TD01,METRO Italia S.p.A.,VIA ENRICO STENDHAL,1.00,"KG1,8 PARMIGIANA MELANZANE",21.92,21.92
IT04157540966_9n685,09247360960,10.0,2024-12-09,02827030962,,538.52,9n685,TD01,METRO Italia S.p.A.,VIA ENRICO STENDHAL,1.00,"KG1,8 PARMIGIANA MELANZANE",21.92,21.92
IT04157540966_9n685,09247360960,10.0,2024-12-09,02827030962,,538.52,9n685,TD01,METRO Italia S.p.A.,VIA ENRICO STENDHAL,1.00,"KG2,5 LASAGNE BOLOGNESE MC",13.39,13.39
IT04157540966_9n685,09247360960,10.0,2024-12-09,02827030962,,538.52,9n685,TD01,METRO Italia S.p.A.,VIA ENRICO STENDHAL,1.00,"KG2,5 LASAGNE BOLOGNESE MC",13.39,13.39
IT04157540966_9n685,09247360960,4.0,2024-12-09,02827030962,,538.52,9n685,TD01,METRO Italia S.p.A.,VIA ENRICO STENDHAL,1.00,LT1 LATTE UHT INTERO MC,1.18,1.18
IT04157540966_9n685,09247360960,4.0,2024-12-09,02827030962,,538.52,9n685,TD01,METRO Italia S.p.A.,VIA ENRICO STENDHAL,1.00,LT1 LATTE UHT INTERO MC,1.18,1.18
IT04157540966_9n685,09247360960,4.0,2024-12-09,02827030962,,538.52,9n685,TD01,METRO Italia S.p.A.,VIA ENRICO STENDHAL,1.00,KG1 BURRO ARO*,9.49,9.49
IT04157540966_9n685,09247360960,4.0,2024-12-09,02827030962,,538.52,9n685,TD01,METRO Italia S.p.A.,VIA ENRICO STENDHAL,1.00,G500 MASCARPONE STERILGARDA,3.79,3.79
IT04157540966_9n685,09247360960,4.0,2024-12-09,02827030962,,538.52,9n685,TD01,METRO Italia S.p.A.,VIA ENRICO STENDHAL,1.00,G500 MASCARPONE STERILGARDA,3.79,3.79
IT04157540966_9n685,09247360960,4.0,2024-12-09,02827030962,,538.52,9n685,TD01,METRO Italia S.p.A.,VIA ENRICO STENDHAL,1.00,KG1 AVOCADO A CUBI MC,5.29,5.29
IT04157540966_9n685,09247360960,4.0,2024-12-09,02827030962,,538.52,9n685,TD01,METRO Italia S.p.A.,VIA ENRICO STENDHAL,1.00,KG1 AVOCADO A CUBI MC,5.29,5.29
IT04157540966_9n685,09247360960,10.0,2024-12-09,02827030962,,538.52,9n685,TD01,METRO Italia S.p.A.,VIA ENRICO STENDHAL,12.00,G450 TORTILLA NATURAL XL AMICA,46.32,3.86
IT04157540966_9n685,09247360960,4.0,2024-12-09,02827030962,,538.52,9n685,TD01,METRO Italia S.p.A.,VIA ENRICO STENDHAL,1.00,CAROTE VS 1KG (IT I),1.59,1.59
IT04157540966_9n685,09247360960,4.0,2024-12-09,02827030962,,538.52,9n685,TD01,METRO Italia S.p.A.,VIA ENRICO STENDHAL,1.00,G500 MISTICANZA VASCHETTA MC,5.59,5.59
IT04157540966_9n685,09247360960,4.0,2024-12-09,02827030962,,538.52,9n685,TD01,METRO Italia S.p.A.,VIA ENRICO STENDHAL,1.00,G500 MISTICANZA VASCHETTA MC,5.59,5.59
IT04157540966_9n685,09247360960,4.0,2024-12-09,02827030962,,538.52,9n685,TD01,METRO Italia S.p.A.,VIA ENRICO STENDHAL,1.00,"KG1,5 FORM SPALM FR ERBE ALPIG",9.43,9.43
IT04157540966_9n685,09247360960,4.0,2024-12-09,02827030962,,538.52,9n685,TD01,METRO Italia S.p.A.,VIA ENRICO STENDHAL,1.00,G800 WHITE CHEESE CUBETTI ALBA,8.93,8.93
IT04157540966_9n685,09247360960,4.0,2024-12-09,02827030962,,538.52,9n685,TD01,METRO Italia S.p.A.,VIA ENRICO STENDHAL,1.61,PROVOLONE AFFUM VIRGILIO KG2CA,19.63,12.19
IT04157540966_9n685,09247360960,10.0,2024-12-09,02827030962,,538.52,9n685,TD01,METRO Italia S.p.A.,VIA ENRICO STENDHAL,1.00,KG 1 HUMMUS DI CECI,10.15,10.15
IT04157540966_9n685,09247360960,10.0,2024-12-09,02827030962,,538.52,9n685,TD01,METRO Italia S.p.A.,VIA ENRICO STENDHAL,1.00,KG 1 HUMMUS DI CECI,10.15,10.15
IT04157540966_9n685,09247360960,10.0,2024-12-09,02827030962,,538.52,9n685,TD01,METRO Italia S.p.A.,VIA ENRICO STENDHAL,1.00,KG 1 HUMMUS DI CECI,10.15,10.15
IT04157540966_9n685,09247360960,10.0,2024-12-09,02827030962,,538.52,9n685,TD01,METRO Italia S.p.A.,VIA ENRICO STENDHAL,1.504,FINOCCHIONA IGP 1/2 KG1.5CA SV,17.13,11.39
IT04157540966_9n685,09247360960,10.0,2024-12-09,02827030962,,538.52,9n685,TD01,METRO Italia S.p.A.,VIA ENRICO STENDHAL,2.70,HAMBURGER BOV. COTTO G150 MC,35.07,12.99
IT04157540966_9plui,09247360960,10.0,2024-12-12,02827030962,,341.86,9plui,TD01,METRO Italia S.p.A.,VIA ENRICO STENDHAL,1.00,KG1 PULLED PORK IQF SURGELATO,16.39,16.39
IT04157540966_9plui,09247360960,10.0,2024-12-12,02827030962,,341.86,9plui,TD01,METRO Italia S.p.A.,VIA ENRICO STENDHAL,1.00,"KG2,5 FIL PETTO POLLO PREC MC",20.29,20.29
IT04157540966_9plui,09247360960,10.0,2024-12-12,02827030962,,341.86,9plui,TD01,METRO Italia S.p.A.,VIA ENRICO STENDHAL,1.00,G250 ZUCCA  CUBETTI,1.79,1.79
IT04157540966_9plui,09247360960,4.0,2024-12-12,02827030962,,341.86,9plui,TD01,METRO Italia S.p.A.,VIA ENRICO STENDHAL,1.008,PEC BLU MAREMMA KG1 CA*,22.51,22.33
IT04157540966_9plui,09247360960,10.0,2024-12-12,02827030962,,341.86,9plui,TD01,METRO Italia S.p.A.,VIA ENRICO STENDHAL,1.00,KG1 TUORLO D'UOVO P.GIALLA MC,6.29,6.29
IT04157540966_9plui,09247360960,10.0,2024-12-12,02827030962,,341.86,9plui,TD01,METRO Italia S.p.A.,VIA ENRICO STENDHAL,1.00,KG 1 SALAME CIOCCOLATO 12/14 F,11.67,11.67
IT04157540966_9plui,09247360960,10.0,2024-12-12,02827030962,,341.86,9plui,TD01,METRO Italia S.p.A.,VIA ENRICO STENDHAL,1.00,G500  RITAGLI SALMONE AFFUMIC.,6.29,6.29
IT04157540966_9plui,09247360960,10.0,2024-12-12,02827030962,,341.86,9plui,TD01,METRO Italia S.p.A.,VIA ENRICO STENDHAL,1.00,G500  RITAGLI SALMONE AFFUMIC.,6.29,6.29
IT04157540966_9plui,09247360960,10.0,2024-12-12,02827030962,,341.86,9plui,TD01,METRO Italia S.p.A.,VIA ENRICO STENDHAL,1.00,G160 BATTUTA BOVINO AD.SKIN,2.29,2.29
IT04157540966_9plui,09247360960,10.0,2024-12-12,02827030962,,341.86,9plui,TD01,METRO Italia S.p.A.,VIA ENRICO STENDHAL,1.00,G160 BATTUTA BOVINO AD.SKIN,2.29,2.29
IT04157540966_9plui,09247360960,10.0,2024-12-12,02827030962,,341.86,9plui,TD01,METRO Italia S.p.A.,VIA ENRICO STENDHAL,1.00,G160 BATTUTA BOVINO AD.SKIN,2.29,2.29
IT04157540966_9plui,09247360960,10.0,2024-12-12,02827030962,,341.86,9plui,TD01,METRO Italia S.p.A.,VIA ENRICO STENDHAL,1.00,G160 BATTUTA BOVINO AD.SKIN,2.29,2.29
IT04157540966_9plui,09247360960,10.0,2024-12-12,02827030962,,341.86,9plui,TD01,METRO Italia S.p.A.,VIA ENRICO STENDHAL,1.00,G160 BATTUTA BOVINO AD.SKIN,2.29,2.29
IT04157540966_9plui,09247360960,10.0,2024-12-12,02827030962,,341.86,9plui,TD01,METRO Italia S.p.A.,VIA ENRICO STENDHAL,1.00,G160 BATTUTA BOVINO AD.SKIN,2.29,2.29
IT04157540966_9plui,09247360960,10.0,2024-12-12,02827030962,,341.86,9plui,TD01,METRO Italia S.p.A.,VIA ENRICO STENDHAL,1.00,G160 BATTUTA BOVINO AD.SKIN,2.29,2.29
IT04157540966_9plui,09247360960,4.0,2024-12-12,02827030962,,341.86,9plui,TD01,METRO Italia S.p.A.,VIA ENRICO STENDHAL,1.00,"KG1,5 FORMAGGIO SPALMABILE MC",10.14,10.14
IT04157540966_9plui,09247360960,4.0,2024-12-12,02827030962,,341.86,9plui,TD01,METRO Italia S.p.A.,VIA ENRICO STENDHAL,1.00,G160 CAPRINO FRESCO VACCINO,2.19,2.19
IT04157540966_9plui,09247360960,22.0,2024-12-12,02827030962,,341.86,9plui,TD01,METRO Italia S.p.A.,VIA ENRICO STENDHAL,1.00,CL20 BRILLANTE RECOARO VAP,10.8,10.8
IT04157540966_9plui,09247360960,22.0,2024-12-12,02827030962,,341.86,9plui,TD01,METRO Italia S.p.A.,VIA ENRICO STENDHAL,1.00,CL20 BRILLANTE RECOARO VAP,10.8,10.8
IT04157540966_9plui,09247360960,10.0,2024-12-12,02827030962,,341.86,9plui,TD01,METRO Italia S.p.A.,VIA ENRICO STENDHAL,1.00,"KG2,5 LASAGNE BOLOGNESE MC",13.39,13.39
IT04157540966_9plui,09247360960,4.0,2024-12-12,02827030962,,341.86,9plui,TD01,METRO Italia S.p.A.,VIA ENRICO STENDHAL,1.00,G100X8 BURRATA MC,11.49,11.49
IT04157540966_9plui,09247360960,4.0,2024-12-12,02827030962,,341.86,9plui,TD01,METRO Italia S.p.A.,VIA ENRICO STENDHAL,1.00,G100X8 BURRATA MC,11.49,11.49
IT04157540966_9plui,09247360960,22.0,2024-12-12,02827030962,,341.86,9plui,TD01,METRO Italia S.p.A.,VIA ENRICO STENDHAL,1.00,BOBINA BRICO 500 STRAPPI ARO,5.98,5.98
IT04157540966_9plui,09247360960,22.0,2024-12-12,02827030962,,341.86,9plui,TD01,METRO Italia S.p.A.,VIA ENRICO STENDHAL,1.00,BOBINA BRICO 500 STRAPPI ARO,5.98,5.98
IT04157540966_9plui,09247360960,22.0,2024-12-12,02827030962,,341.86,9plui,TD01,METRO Italia S.p.A.,VIA ENRICO STENDHAL,1.00,20PZ 70X110 SAC.DIFF. GIAL ARO,11.15,11.15
IT04157540966_9plui,09247360960,22.0,2024-12-12,02827030962,,341.86,9plui,TD01,METRO Italia S.p.A.,VIA ENRICO STENDHAL,1.00,25SACCHI 70X80 MATBI MP,5.95,5.95
IT04157540966_9plui,09247360960,10.0,2024-12-12,02827030962,,341.86,9plui,TD01,METRO Italia S.p.A.,VIA ENRICO STENDHAL,1.00,G450  PATATINA AMICA CHIPS,2.19,2.19
IT04157540966_9plui,09247360960,10.0,2024-12-12,02827030962,,341.86,9plui,TD01,METRO Italia S.p.A.,VIA ENRICO STENDHAL,1.00,G450  PATATINA AMICA CHIPS,2.19,2.19
IT04157540966_9plui,09247360960,10.0,2024-12-12,02827030962,,341.86,9plui,TD01,METRO Italia S.p.A.,VIA ENRICO STENDHAL,1.00,G450  PATATINA AMICA CHIPS,2.19,2.19
IT04157540966_9plui,09247360960,10.0,2024-12-12,02827030962,,341.86,9plui,TD01,METRO Italia S.p.A.,VIA ENRICO STENDHAL,1.00,G450  PATATINA AMICA CHIPS,2.19,2.19
IT04157540966_9plui,09247360960,10.0,2024-12-12,02827030962,,341.86,9plui,TD01,METRO Italia S.p.A.,VIA ENRICO STENDHAL,1.00,G450  PATATINA AMICA CHIPS,2.19,2.19
IT04157540966_9plui,09247360960,4.0,2024-12-12,02827030962,,341.86,9plui,TD01,METRO Italia S.p.A.,VIA ENRICO STENDHAL,2.00,POMO. GRAPP. MIN MC (IT I),6.58,3.29
IT04157540966_9plui,09247360960,4.0,2024-12-12,02827030962,,341.86,9plui,TD01,METRO Italia S.p.A.,VIA ENRICO STENDHAL,1.00,G500 MISTICANZA VASCHETTA MC,5.59,5.59
IT04157540966_9plui,09247360960,10.0,2024-12-12,02827030962,,341.86,9plui,TD01,METRO Italia S.p.A.,VIA ENRICO STENDHAL,1.00,"KG2,5 CRUNCHY PETALS MC CAIN",6.99,6.99
IT04157540966_9plui,09247360960,10.0,2024-12-12,02827030962,,341.86,9plui,TD01,METRO Italia S.p.A.,VIA ENRICO STENDHAL,1.00,"KG2,5 CRUNCHY PETALS MC CAIN",6.99,6.99
IT04157540966_9plui,09247360960,10.0,2024-12-12,02827030962,,341.86,9plui,TD01,METRO Italia S.p.A.,VIA ENRICO STENDHAL,1.00,"KG2,5 CRUNCHY PETALS MC CAIN",6.99,6.99
IT04157540966_9plui,09247360960,10.0,2024-12-12,02827030962,,341.86,9plui,TD01,METRO Italia S.p.A.,VIA ENRICO STENDHAL,1.00,"KG2,5 CRUNCHY PETALS MC CAIN",6.99,6.99
IT04157540966_9plui,09247360960,22.0,2024-12-12,02827030962,,341.86,9plui,TD01,METRO Italia S.p.A.,VIA ENRICO STENDHAL,1.00,CL50 ACQUA FRIZ.S.BENEDET.PET,3.12,3.12
IT04157540966_9plui,09247360960,22.0,2024-12-12,02827030962,,341.86,9plui,TD01,METRO Italia S.p.A.,VIA ENRICO STENDHAL,1.00,CL50 ACQUA FRIZ.S.BENEDET.PET,3.12,3.12
IT04157540966_9plui,09247360960,22.0,2024-12-12,02827030962,,341.86,9plui,TD01,METRO Italia S.p.A.,VIA ENRICO STENDHAL,1.00,CL50 ACQUA NAT.S.BENEDET.PET,3.12,3.12
IT04157540966_9plui,09247360960,22.0,2024-12-12,02827030962,,341.86,9plui,TD01,METRO Italia S.p.A.,VIA ENRICO STENDHAL,1.00,CL50 ACQUA NAT.S.BENEDET.PET,3.12,3.12
IT04157540966_9plui,09247360960,22.0,2024-12-12,02827030962,,341.86,9plui,TD01,METRO Italia S.p.A.,VIA ENRICO STENDHAL,1.00,CL 33 COCA COLA VAP,15.6,15.6
IT04157540966_9plui,09247360960,22.0,2024-12-12,02827030962,,341.86,9plui,TD01,METRO Italia S.p.A.,VIA ENRICO STENDHAL,1.00,CL 33 COCA COLA ZERO VAP,15.6,15.6
IT04157540966_9plui,09247360960,4.0,2024-12-12,02827030962,,341.86,9plui,TD01,METRO Italia S.p.A.,VIA ENRICO STENDHAL,1.00,G500 MISTICANZA VASCHETTA MC,2.8,2.8
IT04355200967_02R3I,09247360960,22.0,2024-12-18,04355200967,NUMERO,149.45,vzjfd95919,TD01,TECNOGAS SRL,"VIA STENDHAL, 30",1.0000000,Bombola Aligal 1 ALI lt.14,45.0,45.0
IT04355200967_02R3I,09247360960,22.0,2024-12-18,04355200967,NUMERO,149.45,vzjfd95919,TD01,TECNOGAS SRL,"VIA STENDHAL, 30",1.0000000,Messa disposizione bombole,72.0,72.0
IT04355200967_02R3I,09247360960,22.0,2024-12-18,04355200967,NUMERO,149.45,vzjfd95919,TD01,TECNOGAS SRL,"VIA STENDHAL, 30",1.0000000,ADR QUOTA HMF GAS CONDIZIONATI CAD.,5.5,5.5
IT0526289001424365_DC9P2,09247360960,22.0,2024-12-30,07516911000,,10.50,D0241230,TD01,AUTOSTRADE PER L'ITALIA S.P.A.,VIA ENRICO STENDHAL   30,,PEDAGGI AUTOSTRADALI,8.61,8.61
IT0526289001425007_FNW3G,09247360960,22.0,2024-12-31,11810230158,GG,29.77,PAI0002546,TD24,Linde Gas Italia  S.r.l.,VIA STENDHAL 30,122.00,Nolo Giornaliero Bombola,24.4,0.2
IT0995751096000m47_38fc8,09247360960,22.0,2024-12-02,09957510960,KWH,9.87,5012781,TD01,BE CHARGE S.R.L.,VIA STENDHAL,10.97,"Sessione di ricarica in Via Stendhal, 30, Milano da 02/12/2024 10:07 a 02/12/2024 14:50 (H000009-3)",8.09,0.737466
IT0995751096000m4g_1qluv,09247360960,22.0,2024-12-08,09957510960,KWH,20.64,I2030008,TD01,BE CHARGE S.R.L.,VIA STENDHAL,22.93,"Sessione di ricarica in Via Stendhal, 30, Milano da 08/12/2024 16:59 a 08/12/2024 21:17 (H000009-3)",16.92,0.737801
IT10194900964_00BY2,09247360960,4.0,2024-12-31,10194900964,,239.00,2517,TD01,BAGUETTE S.R.L.,"VIA STENDHAL ENRICO, 30",1.000,RIEPILOGO MENSILE,50.0,50.0
IT10194900964_00BY2,09247360960,10.0,2024-12-31,10194900964,,239.00,2517,TD01,BAGUETTE S.R.L.,"VIA STENDHAL ENRICO, 30",1.000,RIEPILOGO MENSILE,29.09091,29.09091
IT10194900964_00BY2,09247360960,4.0,2024-12-31,10194900964,,239.00,2517,TD01,BAGUETTE S.R.L.,"VIA STENDHAL ENRICO, 30",1.000,RIEPILOGO MENSILE,50.0,50.0
IT10194900964_00BY2,09247360960,10.0,2024-12-31,10194900964,,239.00,2517,TD01,BAGUETTE S.R.L.,"VIA STENDHAL ENRICO, 30",1.000,RIEPILOGO MENSILE,29.09091,29.09091
IT10194900964_00BY2,09247360960,4.0,2024-12-31,10194900964,,239.00,2517,TD01,BAGUETTE S.R.L.,"VIA STENDHAL ENRICO, 30",1.000,RIEPILOGO MENSILE,37.5,37.5
IT10194900964_00BY2,09247360960,10.0,2024-12-31,10194900964,,239.00,2517,TD01,BAGUETTE S.R.L.,"VIA STENDHAL ENRICO, 30",1.000,RIEPILOGO MENSILE,29.09091,29.09091
IT12549080153_2GUVE,09247360960,22.0,2024-12-10,12549080153,,675.88,7e83bcc8-2,TD01,VOLKSWAGEN LEASING GMBH,VIA STENDHAL ENRICO 30,,Canone noleggio,465.0,465.0
IT12549080153_2GUVE,09247360960,22.0,2024-12-10,12549080153,,675.88,7e83bcc8-2,TD01,VOLKSWAGEN LEASING GMBH,VIA STENDHAL ENRICO 30,,Canone assistenza operativa,89.0,89.0
IT13181080154_IDreC,09247360960,22.0,2024-12-10,13181080154,,781.58,RP03943476,TD01,Repower Vendita Italia,VIA ENRICO STENDHAL 30,,Imposte,28.49,28.49
IT13181080154_IDreC,09247360960,22.0,2024-12-10,13181080154,,781.58,RP03943476,TD01,Repower Vendita Italia,VIA ENRICO STENDHAL 30,,Oneri di sistema,136.6,136.6
IT13181080154_IDreC,09247360960,22.0,2024-12-10,13181080154,,781.58,RP03943476,TD01,Repower Vendita Italia,VIA ENRICO STENDHAL 30,,Servizi di Vendita,416.4,416.4
IT13181080154_IDreC,09247360960,22.0,2024-12-10,13181080154,,781.58,RP03943476,TD01,Repower Vendita Italia,VIA ENRICO STENDHAL 30,,Trasporto e gestione del contatore,59.15,59.15
IT01336610587_0c63W,09247360960,22.0,2024-12-17,00987061009,,62.29,9241667,TD01,S.I.A.E.,VIA ENRICO STENDHAL 30,1.00,Diritti amministrativi di procedura,1.0,1.0
IT01336610587_0c63W,09247360960,22.0,2024-12-17,00987061009,,62.29,9241667,TD01,S.I.A.E.,VIA ENRICO STENDHAL 30,1.00,Diritti connessi mda in PPEE Altri App.,50.06,50.06
IT01378570350_jSItJ,09247360960,4.0,2024-12-01,04916380159,Num.,15.10,2498251409,TD01,Esselunga S.p.A.,VIA STENDHAL 30,1.000,BURRO ESSELUNGA 125G-GR  125,1.82,1.82
IT01378570350_jSItJ,09247360960,10.0,2024-12-01,04916380159,Num.,15.10,2498251409,TD01,Esselunga S.p.A.,VIA STENDHAL 30,1.000,IL CEPPO BACCALA'MANT-GR  200,4.99,4.99
IT01378570350_jSItJ,09247360960,10.0,2024-12-01,04916380159,Num.,15.10,2498251409,TD01,Esselunga S.p.A.,VIA STENDHAL 30,1.000,GRANCEREALE BARILLA-GR  500,1.83,1.83
IT01378570350_jSItJ,09247360960,10.0,2024-12-01,04916380159,Num.,15.10,2498251409,TD01,Esselunga S.p.A.,VIA STENDHAL 30,1.000,COTECHINO A FETTE-GR  200,2.54,2.54
IT01378570350_jSItJ,09247360960,10.0,2024-12-01,04916380159,KG,15.10,2498251409,TD01,Esselunga S.p.A.,VIA STENDHAL 30,0.470,POLENTA-KG    1,2.56,5.446809
IT01378570350_jSItJ,09247360960,22.0,2024-12-01,04916380159,Num.,15.10,2498251409,TD01,Esselunga S.p.A.,VIA STENDHAL 30,1.000,SHOPPER-UN    1,0.08,0.08
IT01378570350_jU9nT,09247360960,4.0,2024-12-03,04916380159,Num.,11.08,2504562698,TD01,Esselunga S.p.A.,VIA STENDHAL 30,5.000,INS. ALLEGRA  NAT.-GR  200,5.67,1.134
IT01378570350_jU9nT,09247360960,10.0,2024-12-03,04916380159,Num.,11.08,2504562698,TD01,Esselunga S.p.A.,VIA STENDHAL 30,2.000,TUORLO D'UOVO-GR  250,4.62,2.31
IT01378570350_jU9nT,09247360960,22.0,2024-12-03,04916380159,Num.,11.08,2504562698,TD01,Esselunga S.p.A.,VIA STENDHAL 30,1.000,SHOPPER-UN    1,0.08,0.08
IT01378570350_jXNQW,09247360960,10.0,2024-12-07,04916380159,KG,41.04,2516620096,TD01,Esselunga S.p.A.,VIA STENDHAL 30,0.137,GINGER-KG    1,0.7,5.109489
IT01378570350_jXNQW,09247360960,22.0,2024-12-07,04916380159,Num.,41.04,2516620096,TD01,Esselunga S.p.A.,VIA STENDHAL 30,3.000,SACCHETTO COMPOST.LE-GR    4,0.02,0.006667
IT01378570350_jXNQW,09247360960,4.0,2024-12-07,04916380159,KG,41.04,2516620096,TD01,Esselunga S.p.A.,VIA STENDHAL 30,0.487,PATATE-KG    1,0.74,1.519507
IT01378570350_jXNQW,09247360960,4.0,2024-12-07,04916380159,KG,41.04,2516620096,TD01,Esselunga S.p.A.,VIA STENDHAL 30,0.664,PATATE-KG    1,1.9,2.861446
IT01378570350_jXNQW,09247360960,4.0,2024-12-07,04916380159,Num.,41.04,2516620096,TD01,Esselunga S.p.A.,VIA STENDHAL 30,1.000,CONCHIGLIE RIG-GR  500,0.95,0.95
IT01378570350_jXNQW,09247360960,4.0,2024-12-07,04916380159,KG,41.04,2516620096,TD01,Esselunga S.p.A.,VIA STENDHAL 30,0.268,PANE FILONE GR. DURO-KG    1,0.98,3.656716
IT01378570350_jXNQW,09247360960,10.0,2024-12-07,04916380159,Num.,41.04,2516620096,TD01,Esselunga S.p.A.,VIA STENDHAL 30,2.000,FAVE PEPE E LIMONE-GR  150,3.25,1.625
IT01378570350_jXNQW,09247360960,4.0,2024-12-07,04916380159,Num.,41.04,2516620096,TD01,Esselunga S.p.A.,VIA STENDHAL 30,1.000,LENTICCHIE UMBRE-GR  500,3.84,3.84
IT01378570350_jXNQW,09247360960,4.0,2024-12-07,04916380159,Num.,41.04,2516620096,TD01,Esselunga S.p.A.,VIA STENDHAL 30,1.000,PECORINO ROMANO GRATT-GR  100,2.74,2.74
IT01378570350_jXNQW,09247360960,10.0,2024-12-07,04916380159,Num.,41.04,2516620096,TD01,Esselunga S.p.A.,VIA STENDHAL 30,1.000,MANDORLE TOSTATE G500-GR  500,3.63,3.63
IT01378570350_jXNQW,09247360960,10.0,2024-12-07,04916380159,Num.,41.04,2516620096,TD01,Esselunga S.p.A.,VIA STENDHAL 30,1.000,LE NATURELLE BIO X4-PZ    4,1.99,1.99
IT01378570350_jXNQW,09247360960,10.0,2024-12-07,04916380159,KG,41.04,2516620096,TD01,Esselunga S.p.A.,VIA STENDHAL 30,0.221,PETTI POLLO FETTE BIO-KG    1,5.45,24.660633
IT01378570350_jXNQW,09247360960,4.0,2024-12-07,04916380159,KG,41.04,2516620096,TD01,Esselunga S.p.A.,VIA STENDHAL 30,0.304,GORGONZOLA DOP SANTI-KG    1,5.26,17.302631
IT01378570350_jXNQW,09247360960,10.0,2024-12-07,04916380159,KG,41.04,2516620096,TD01,Esselunga S.p.A.,VIA STENDHAL 30,0.139,NERVETTI CON CIPOLLA-KG    1,1.57,11.294964
IT01378570350_jXNQW,09247360960,10.0,2024-12-07,04916380159,Num.,41.04,2516620096,TD01,Esselunga S.p.A.,VIA STENDHAL 30,1.000,LINDT LATTE&NOCC.GR30-GR  300,5.08,5.08
IT01378570350_jXNQW,09247360960,22.0,2024-12-07,04916380159,Num.,41.04,2516620096,TD01,Esselunga S.p.A.,VIA STENDHAL 30,1.000,SHOPPER-UN    1,0.09,0.09
IT01378570350_jdS20,09247360960,22.0,2024-12-08,06017420487,NR,66.86,2534490160,TD01,ENEGAN S.p.A.,null VIA ENRICO STENDHAL 30,1.00,Condivisa Insieme Adeguamento dicembre 2024,39.9,39.9
IT01378570350_jdS20,09247360960,22.0,2024-12-08,06017420487,NR,66.86,2534490160,TD01,ENEGAN S.p.A.,null VIA ENRICO STENDHAL 30,1.00,Linee Voip novembre 2024,0.0,0.0
IT01378570350_jdS20,09247360960,22.0,2024-12-08,06017420487,NR,66.86,2534490160,TD01,ENEGAN S.p.A.,null VIA ENRICO STENDHAL 30,1.00,SentiAMOci Easy dicembre 2024,9.9,9.9
IT01378570350_jdS20,09247360960,22.0,2024-12-08,06017420487,NR,66.86,2534490160,TD01,ENEGAN S.p.A.,null VIA ENRICO STENDHAL 30,1.00,Traffico Telefonico Numeri Fissi Nazionale Locale novembre 2024,0.0,0.0
IT01378570350_jdS20,09247360960,22.0,2024-12-08,06017420487,NR,66.86,2534490160,TD01,ENEGAN S.p.A.,null VIA ENRICO STENDHAL 30,1.00,Traffico Telefonico Numeri Fissi Nazionale Mobile novembre 2024,0.0,0.0
IT01378570350_jdS20,09247360960,22.0,2024-12-08,06017420487,NR,66.86,2534490160,TD01,ENEGAN S.p.A.,null VIA ENRICO STENDHAL 30,1.00,Upgrade FIBRA FTTH 1GB/100M dicembre 2024,5.0,5.0
IT01378570350_jdS20,09247360960,22.0,2024-12-08,06017420487,NR,66.86,2534490160,TD01,ENEGAN S.p.A.,null VIA ENRICO STENDHAL 30,1.00,VoipFlat_22A novembre 2024,0.0,0.0
IT01378570350_jgKFU,09247360960,10.0,2024-12-19,04916380159,Num.,2.94,2542241302,TD01,Esselunga S.p.A.,VIA STENDHAL 30,2.000,ZUCCA COTTA ESS-GR  250,1.78,0.89
IT01378570350_jgKFU,09247360960,10.0,2024-12-19,04916380159,Num.,2.94,2542241302,TD01,Esselunga S.p.A.,VIA STENDHAL 30,1.000,BABRBABIETOLE COTTE-GR  500,0.89,0.89
IT016417907022024N_0cra7,09247360960,22.0,2024-12-02,17002501009,,30.49,00003zfq66,TD01,leggimenu SRL,Via Stendhal 30,1.00,leggimenu.it - Premium  Mensile / Monthly,24.99,24.991804
IT016417907022024Q_0cvN6,09247360960,22.0,2024-12-05,04120970134,,186.11,00003zm2qw,TD01,OPIFICIO CATTANEO SRL,"VIA ENRICO STENDHAL, 30",5.00,VESPUCCI,84.75,16.95
IT016417907022024Q_0cvN6,09247360960,22.0,2024-12-05,04120970134,,186.11,00003zm2qw,TD01,OPIFICIO CATTANEO SRL,"VIA ENRICO STENDHAL, 30",4.00,TAAAC,67.8,16.95
IT016417907022025q_00bli,09247360960,22.0,2024-12-31,08675550969,,488.00,0000428525,TD01,Flawless Living s.r.l.,"VIA ENRICO STENDHAL, 30",1.00,Partnership FLAWLESS.life,400.0,400.0
IT04157540966_9jf8u,09247360960,10.0,2024-12-04,02827030962,,257.27,9jf8u,TD01,METRO Italia S.p.A.,VIA ENRICO STENDHAL,1.00,"KG 2,3 MAIS SALATO MC",9.99,9.99
IT04157540966_9jf8u,09247360960,10.0,2024-12-04,02827030962,,257.27,9jf8u,TD01,METRO Italia S.p.A.,VIA ENRICO STENDHAL,10.00,G450  PATATINA AMICA CHIPS,34.0,3.4
IT04157540966_9jf8u,09247360960,4.0,2024-12-04,02827030962,,257.27,9jf8u,TD01,METRO Italia S.p.A.,VIA ENRICO STENDHAL,1.00,G500 MISTICANZA VASCHETTA MC,5.59,5.59
IT04157540966_9jf8u,09247360960,10.0,2024-12-04,02827030962,,257.27,9jf8u,TD01,METRO Italia S.p.A.,VIA ENRICO STENDHAL,1.00,G250 ZUCCA  CUBETTI,1.79,1.79
IT04157540966_9jf8u,09247360960,10.0,2024-12-04,02827030962,,257.27,9jf8u,TD01,METRO Italia S.p.A.,VIA ENRICO STENDHAL,1.00,G250 ZUCCA  CUBETTI,1.79,1.79
IT04157540966_9jf8u,09247360960,10.0,2024-12-04,02827030962,,257.27,9jf8u,TD01,METRO Italia S.p.A.,VIA ENRICO STENDHAL,1.00,G250 ZUCCA  CUBETTI,1.79,1.79
IT04157540966_9jf8u,09247360960,4.0,2024-12-04,02827030962,,257.27,9jf8u,TD01,METRO Italia S.p.A.,VIA ENRICO STENDHAL,1.00,KG1 AVOCADO A CUBI MC,5.03,5.29
IT04157540966_9jf8u,09247360960,4.0,2024-12-04,02827030962,,257.27,9jf8u,TD01,METRO Italia S.p.A.,VIA ENRICO STENDHAL,1.00,KG1 AVOCADO A CUBI MC,5.03,5.29
IT04157540966_9jf8u,09247360960,4.0,2024-12-04,02827030962,,257.27,9jf8u,TD01,METRO Italia S.p.A.,VIA ENRICO STENDHAL,1.00,KG1 AVOCADO A CUBI MC,5.03,5.29
IT04157540966_9jf8u,09247360960,10.0,2024-12-04,02827030962,,257.27,9jf8u,TD01,METRO Italia S.p.A.,VIA ENRICO STENDHAL,1.00,"KG2,5 LASAGNE BOLOGNESE MC",13.39,13.39
IT04157540966_9jf8u,09247360960,10.0,2024-12-04,02827030962,,257.27,9jf8u,TD01,METRO Italia S.p.A.,VIA ENRICO STENDHAL,1.00,"KG1,8 PARMIGIANA MELANZANE",21.92,21.92
IT04157540966_9jf8u,09247360960,4.0,2024-12-04,02827030962,,257.27,9jf8u,TD01,METRO Italia S.p.A.,VIA ENRICO STENDHAL,1.00,G100X8 BURRATA MC,11.49,11.49
IT04157540966_9jf8u,09247360960,4.0,2024-12-04,02827030962,,257.27,9jf8u,TD01,METRO Italia S.p.A.,VIA ENRICO STENDHAL,1.00,G100X8 BURRATA MC,11.49,11.49
IT04157540966_9jf8u,09247360960,4.0,2024-12-04,02827030962,,257.27,9jf8u,TD01,METRO Italia S.p.A.,VIA ENRICO STENDHAL,1.005,CAV. CAPP. R. CS FILM (IT I),2.5,2.49
IT04157540966_9jf8u,09247360960,10.0,2024-12-04,02827030962,,257.27,9jf8u,TD01,METRO Italia S.p.A.,VIA ENRICO STENDHAL,1.00,KG1 FONDI DI CARCIOFO,6.59,6.59
IT04157540966_9jf8u,09247360960,4.0,2024-12-04,02827030962,,257.27,9jf8u,TD01,METRO Italia S.p.A.,VIA ENRICO STENDHAL,1.535,CAV. CAPP.B. CASSA (NL I),2.13,1.39
IT04157540966_9jf8u,09247360960,10.0,2024-12-04,02827030962,,257.27,9jf8u,TD01,METRO Italia S.p.A.,VIA ENRICO STENDHAL,1.00,G500  RITAGLI SALMONE AFFUMIC.,6.29,6.29
IT04157540966_9jf8u,09247360960,10.0,2024-12-04,02827030962,,257.27,9jf8u,TD01,METRO Italia S.p.A.,VIA ENRICO STENDHAL,1.00,G500  RITAGLI SALMONE AFFUMIC.,6.29,6.29
IT04157540966_9jf8u,09247360960,10.0,2024-12-04,02827030962,,257.27,9jf8u,TD01,METRO Italia S.p.A.,VIA ENRICO STENDHAL,1.00,KG 1 HUMMUS DI CECI,10.15,10.15
IT04157540966_9jf8u,09247360960,10.0,2024-12-04,02827030962,,257.27,9jf8u,TD01,METRO Italia S.p.A.,VIA ENRICO STENDHAL,1.00,KG 1 HUMMUS DI CECI,10.15,10.15
IT04157540966_9jf8u,09247360960,10.0,2024-12-04,02827030962,,257.27,9jf8u,TD01,METRO Italia S.p.A.,VIA ENRICO STENDHAL,1.00,KG 1 HUMMUS DI CECI,10.15,10.15
IT04157540966_9jf8u,09247360960,10.0,2024-12-04,02827030962,,257.27,9jf8u,TD01,METRO Italia S.p.A.,VIA ENRICO STENDHAL,2.70,HAMBURGER BOV. COTTO G90 MC,35.07,12.99
IT04157540966_9jf8u,09247360960,10.0,2024-12-04,02827030962,,257.27,9jf8u,TD01,METRO Italia S.p.A.,VIA ENRICO STENDHAL,5.00,G160 BATTUTA BOVINO AD.SKIN,11.45,2.29
IT04157540966_9jf8u,09247360960,22.0,2024-12-04,02827030962,,257.27,9jf8u,TD01,METRO Italia S.p.A.,VIA ENRICO STENDHAL,1.00,ML700SGRAS.CHANTC.UNIV.TRIG,6.69,6.69
IT04157540966_9k6dg,09247360960,22.0,2024-12-05,02827030962,,158.70,9k6dg,TD01,METRO Italia S.p.A.,VIA ENRICO STENDHAL,1.00,CL 100 SAMBUCO COLUMBUS 14.0,5.37,5.37
IT04157540966_9k6dg,09247360960,22.0,2024-12-05,02827030962,,158.70,9k6dg,TD01,METRO Italia S.p.A.,VIA ENRICO STENDHAL,1.00,CL 100 SAMBUCO COLUMBUS 14.0,5.37,5.37
IT04157540966_9k6dg,09247360960,10.0,2024-12-05,02827030962,,158.70,9k6dg,TD01,METRO Italia S.p.A.,VIA ENRICO STENDHAL,1.00,KG2 TARALLI CLASS.MC,12.09,12.09
IT04157540966_9k6dg,09247360960,4.0,2024-12-05,02827030962,,158.70,9k6dg,TD01,METRO Italia S.p.A.,VIA ENRICO STENDHAL,9.875,LIMONI CAL. 4/6 CASSA (ES II),13.73,1.39
IT04157540966_9k6dg,09247360960,10.0,2024-12-05,02827030962,,158.70,9k6dg,TD01,METRO Italia S.p.A.,VIA ENRICO STENDHAL,1.00,"KG2,5 CRUNCHY PETALS MC CAIN",6.99,6.99
IT04157540966_9k6dg,09247360960,10.0,2024-12-05,02827030962,,158.70,9k6dg,TD01,METRO Italia S.p.A.,VIA ENRICO STENDHAL,1.00,"KG2,5 CRUNCHY PETALS MC CAIN",6.99,6.99
IT04157540966_9k6dg,09247360960,10.0,2024-12-05,02827030962,,158.70,9k6dg,TD01,METRO Italia S.p.A.,VIA ENRICO STENDHAL,1.00,"KG2,5 CRUNCHY PETALS MC CAIN",6.99,6.99
IT04157540966_9k6dg,09247360960,10.0,2024-12-05,02827030962,,158.70,9k6dg,TD01,METRO Italia S.p.A.,VIA ENRICO STENDHAL,1.00,"KG2,5 CRUNCHY PETALS MC CAIN",6.99,6.99
IT04157540966_9k6dg,09247360960,22.0,2024-12-05,02827030962,,158.70,9k6dg,TD01,METRO Italia S.p.A.,VIA ENRICO STENDHAL,1.00,CL75 PECORINO BIO BLACKSHEEP,3.99,3.99
IT04157540966_9k6dg,09247360960,4.0,2024-12-05,02827030962,,158.70,9k6dg,TD01,METRO Italia S.p.A.,VIA ENRICO STENDHAL,1.758,POMO MIX MIN. (IT I),10.53,5.99
IT04157540966_9k6dg,09247360960,22.0,2024-12-05,02827030962,,158.70,9k6dg,TD01,METRO Italia S.p.A.,VIA ENRICO STENDHAL,1.00,CL 33 COCA COLA ZERO VAP,15.6,15.6
IT04157540966_9k6dg,09247360960,22.0,2024-12-05,02827030962,,158.70,9k6dg,TD01,METRO Italia S.p.A.,VIA ENRICO STENDHAL,1.00,CL 33 COCA COLA ZERO VAP,15.6,15.6
IT04157540966_9k6dg,09247360960,22.0,2024-12-05,02827030962,,158.70,9k6dg,TD01,METRO Italia S.p.A.,VIA ENRICO STENDHAL,1.00,CL18 POMPELMO SCHWEPPES VAP,13.68,13.68
IT04157540966_9k6dg,09247360960,22.0,2024-12-05,02827030962,,158.70,9k6dg,TD01,METRO Italia S.p.A.,VIA ENRICO STENDHAL,1.00,CL18 POMPELMO SCHWEPPES VAP,13.68,13.68
IT04157540966_9smyu,09247360960,22.0,2024-12-16,02827030962,,231.44,9smyu,TD01,METRO Italia S.p.A.,VIA ENRICO STENDHAL,1.00,40 TOV. 2 VELI 38X38 ECO MP,7.85,7.85
IT04157540966_9smyu,09247360960,22.0,2024-12-16,02827030962,,231.44,9smyu,TD01,METRO Italia S.p.A.,VIA ENRICO STENDHAL,1.00,40 TOV. 2 VELI 38X38 ECO MP,7.85,7.85
IT04157540966_9smyu,09247360960,10.0,2024-12-16,02827030962,,231.44,9smyu,TD01,METRO Italia S.p.A.,VIA ENRICO STENDHAL,1.00,G160 BATTUTA BOVINO AD.SKIN,2.55,2.55
IT04157540966_9smyu,09247360960,10.0,2024-12-16,02827030962,,231.44,9smyu,TD01,METRO Italia S.p.A.,VIA ENRICO STENDHAL,1.00,G160 BATTUTA BOVINO AD.SKIN,2.55,2.55
IT04157540966_9smyu,09247360960,4.0,2024-12-16,02827030962,,231.44,9smyu,TD01,METRO Italia S.p.A.,VIA ENRICO STENDHAL,1.00,KG1 AVOCADO A CUBI MC,5.03,5.29
IT04157540966_9smyu,09247360960,4.0,2024-12-16,02827030962,,231.44,9smyu,TD01,METRO Italia S.p.A.,VIA ENRICO STENDHAL,1.00,KG1 AVOCADO A CUBI MC,5.03,5.29
IT04157540966_9smyu,09247360960,4.0,2024-12-16,02827030962,,231.44,9smyu,TD01,METRO Italia S.p.A.,VIA ENRICO STENDHAL,1.00,KG1 AVOCADO A CUBI MC,5.03,5.29
IT04157540966_9smyu,09247360960,10.0,2024-12-16,02827030962,,231.44,9smyu,TD01,METRO Italia S.p.A.,VIA ENRICO STENDHAL,1.00,G160 BATTUTA BOVINO AD.SKIN,2.55,2.55
IT04157540966_9smyu,09247360960,10.0,2024-12-16,02827030962,,231.44,9smyu,TD01,METRO Italia S.p.A.,VIA ENRICO STENDHAL,1.00,G160 BATTUTA BOVINO AD.SKIN,2.55,2.55
IT04157540966_9smyu,09247360960,10.0,2024-12-16,02827030962,,231.44,9smyu,TD01,METRO Italia S.p.A.,VIA ENRICO STENDHAL,1.00,G160 BATTUTA BOVINO AD.SKIN,2.55,2.55
IT04157540966_9smyu,09247360960,10.0,2024-12-16,02827030962,,231.44,9smyu,TD01,METRO Italia S.p.A.,VIA ENRICO STENDHAL,1.00,G160 BATTUTA BOVINO AD.SKIN,2.55,2.55
IT04157540966_9smyu,09247360960,22.0,2024-12-16,02827030962,,231.44,9smyu,TD01,METRO Italia S.p.A.,VIA ENRICO STENDHAL,1.00,250TOV.APERITIVO25X25 NERO MP,3.29,3.29
IT04157540966_9smyu,09247360960,22.0,2024-12-16,02827030962,,231.44,9smyu,TD01,METRO Italia S.p.A.,VIA ENRICO STENDHAL,1.00,250TOV.APERITIVO25X25 NERO MP,3.29,3.29
IT04157540966_9smyu,09247360960,22.0,2024-12-16,02827030962,,231.44,9smyu,TD01,METRO Italia S.p.A.,VIA ENRICO STENDHAL,1.00,250TOV.APERITIVO25X25 NERO MP,3.29,3.29
IT04157540966_9smyu,09247360960,22.0,2024-12-16,02827030962,,231.44,9smyu,TD01,METRO Italia S.p.A.,VIA ENRICO STENDHAL,1.00,250TOV.APERITIVO25X25 NERO MP,3.29,3.29
IT04157540966_9smyu,09247360960,4.0,2024-12-16,02827030962,,231.44,9smyu,TD01,METRO Italia S.p.A.,VIA ENRICO STENDHAL,3.00,INS. ICEB. VS 350G (ES I),5.97,1.99
IT04157540966_9smyu,09247360960,22.0,2024-12-16,02827030962,,231.44,9smyu,TD01,METRO Italia S.p.A.,VIA ENRICO STENDHAL,1.00,CL50 ACQUA FRIZ.S.BENEDET.PET,3.12,3.12
IT04157540966_9smyu,09247360960,22.0,2024-12-16,02827030962,,231.44,9smyu,TD01,METRO Italia S.p.A.,VIA ENRICO STENDHAL,1.00,CL 33 ACQUA S.BEN MILL FRIZ LT,8.88,8.88
IT04157540966_9smyu,09247360960,22.0,2024-12-16,02827030962,,231.44,9smyu,TD01,METRO Italia S.p.A.,VIA ENRICO STENDHAL,1.00,CL 20 PESCA YOGA 100% VAP,8.88,8.88
IT04157540966_9smyu,09247360960,22.0,2024-12-16,02827030962,,231.44,9smyu,TD01,METRO Italia S.p.A.,VIA ENRICO STENDHAL,1.00,CL 20 PERA YOGA 100% VAP,8.88,8.88
IT04157540966_9smyu,09247360960,22.0,2024-12-16,02827030962,,231.44,9smyu,TD01,METRO Italia S.p.A.,VIA ENRICO STENDHAL,1.00,CL 50 LIMONE SCHWEPPES PET,7.8,7.8
IT04157540966_9smyu,09247360960,4.0,2024-12-16,02827030962,,231.44,9smyu,TD01,METRO Italia S.p.A.,VIA ENRICO STENDHAL,1.00,G510 PANBURGER PRET. 6X85G MC,2.42,2.42
IT04157540966_9smyu,09247360960,4.0,2024-12-16,02827030962,,231.44,9smyu,TD01,METRO Italia S.p.A.,VIA ENRICO STENDHAL,1.00,G510 PANBURGER PRET. 6X85G MC,2.42,2.42
IT04157540966_9smyu,09247360960,4.0,2024-12-16,02827030962,,231.44,9smyu,TD01,METRO Italia S.p.A.,VIA ENRICO STENDHAL,1.00,G500 MISTICANZA VASCHETTA MC,5.59,5.59
IT04157540966_9smyu,09247360960,4.0,2024-12-16,02827030962,,231.44,9smyu,TD01,METRO Italia S.p.A.,VIA ENRICO STENDHAL,1.00,G500 MISTICANZA VASCHETTA MC,5.59,5.59
IT04157540966_9smyu,09247360960,4.0,2024-12-16,02827030962,,231.44,9smyu,TD01,METRO Italia S.p.A.,VIA ENRICO STENDHAL,1.00,G100X8 BURRATA MC,11.49,11.49
IT04157540966_9smyu,09247360960,4.0,2024-12-16,02827030962,,231.44,9smyu,TD01,METRO Italia S.p.A.,VIA ENRICO STENDHAL,1.00,G100X8 BURRATA MC,11.49,11.49
IT04157540966_9smyu,09247360960,10.0,2024-12-16,02827030962,,231.44,9smyu,TD01,METRO Italia S.p.A.,VIA ENRICO STENDHAL,1.00,"KG2,5 LASAGNE BOLOGNESE MC",13.39,13.39
IT04157540966_9smyu,09247360960,10.0,2024-12-16,02827030962,,231.44,9smyu,TD01,METRO Italia S.p.A.,VIA ENRICO STENDHAL,1.00,"KG2,5 LASAGNE BOLOGNESE MC",13.39,13.39
IT04157540966_9smyu,09247360960,10.0,2024-12-16,02827030962,,231.44,9smyu,TD01,METRO Italia S.p.A.,VIA ENRICO STENDHAL,1.00,"KG2,7 POLPETTE BOV. COTTE SURG",26.49,26.49
IT04157540966_9smyu,09247360960,22.0,2024-12-16,02827030962,,231.44,9smyu,TD01,METRO Italia S.p.A.,VIA ENRICO STENDHAL,1.00,CL50 ACQUA NAT.S.BENEDET.PET,3.12,3.12
IT04157540966_9smyu,09247360960,22.0,2024-12-16,02827030962,,231.44,9smyu,TD01,METRO Italia S.p.A.,VIA ENRICO STENDHAL,1.00,CL50 ACQUA NAT.S.BENEDET.PET,3.12,3.12
IT04157540966_9smyu,09247360960,4.0,2024-12-16,02827030962,,231.44,9smyu,TD01,METRO Italia S.p.A.,VIA ENRICO STENDHAL,1.705,CAV. CAPP. R. CS FILM (IT I),3.05,1.79
IT04157540966_9smyu,09247360960,4.0,2024-12-16,02827030962,,231.44,9smyu,TD01,METRO Italia S.p.A.,VIA ENRICO STENDHAL,0.985,CAV. CAPP. B. CS FILM (IT I),1.66,1.69
IT0526289001424365_DFPC4,09247360960,22.0,2024-12-30,09771701001,,5.85,D0241230,TD01,TELEPASS S.P.A.,VIA ENRICO STENDHAL   30,,CANONE TELEPASS,2.5,2.5
IT0526289001424365_DFPC4,09247360960,22.0,2024-12-30,09771701001,,5.85,D0241230,TD01,TELEPASS S.P.A.,VIA ENRICO STENDHAL   30,,CANONE ASSISTENZA STRADALE,2.3,2.3
IT0995751096000m4f_h8ch2,09247360960,22.0,2024-12-08,09957510960,KWH,36.73,I2028264,TD01,BE CHARGE S.R.L.,VIA STENDHAL,43.22,"Sessione di ricarica in Esselunga - Via Giorgio Washington, 53, Milano da 08/12/2024 10:14 a 08/12/2024 11:44 (W000026-1)",30.11,0.696733
IT0995751096000m4k_ib0hf,09247360960,22.0,2024-12-12,09957510960,KWH,24.04,I2038272,TD01,BE CHARGE S.R.L.,VIA STENDHAL,26.71,"Sessione di ricarica in Via Stendhal, 30, Milano da 11/12/2024 17:41 a 12/12/2024 00:13 (H000009-3)",19.7,0.737579
IT0995751096000m4s_j1u6c,09247360960,22.0,2024-12-17,09957510960,KWH,23.97,I2054321,TD01,BE CHARGE S.R.L.,VIA STENDHAL,26.63,"Sessione di ricarica in Via Stendhal, 30, Milano da 17/12/2024 09:43 a 17/12/2024 14:56 (H000009-3)",19.65,0.737945
IT0995751096000m4v_y0ec6,09247360960,22.0,2024-12-20,09957510960,KWH,15.47,I2061698,TD01,BE CHARGE S.R.L.,VIA STENDHAL,17.19,"Sessione di ricarica in Via Stendhal, 30, Milano da 19/12/2024 16:55 a 20/12/2024 00:17 (H000009-3)",12.68,0.737767
IT0995751096000m4z_ijf5u,09247360960,22.0,2024-12-22,09957510960,KWH,8.85,I2069127,TD01,BE CHARGE S.R.L.,VIA STENDHAL,11.20,"Sessione di ricarica in Via Luigi Pirandello, 20144 Milano MI, Italia da 22/12/2024 10:39 a 22/12/2024 12:15 (1661)",7.25,0.647321
IT0995751096000m51_7im94,09247360960,22.0,2024-12-23,09957510960,KWH,21.21,I2073382,TD01,BE CHARGE S.R.L.,VIA STENDHAL,24.95,"Sessione di ricarica in Esselunga - Via Giorgio Washington, 53, Milano da 23/12/2024 15:50 a 23/12/2024 16:43 (W000026-2)",17.38,0.696537
IT0995751096000m51_i4g9t,09247360960,22.0,2024-12-23,09957510960,KWH,5.93,I2074420,TD01,BE CHARGE S.R.L.,VIA STENDHAL,7.51,"Sessione di ricarica in Via Digione, 9 da 23/12/2024 19:25 a 23/12/2024 21:40 (806)",4.86,0.647137
IT0995751096000m52_a9wq5,09247360960,22.0,2024-12-24,09957510960,KWH,10.51,I2075139,TD01,BE CHARGE S.R.L.,VIA STENDHAL,12.37,"Sessione di ricarica in Esselunga - Via Giorgio Washington, 53, Milano da 24/12/2024 10:13 a 24/12/2024 10:39 (W000026-2)",8.61,0.696208
IT0995751096000m53_pbmst,09247360960,22.0,2024-12-25,09957510960,KWH,18.48,I2077706,TD01,BE CHARGE S.R.L.,VIA STENDHAL,23.39,"Sessione di ricarica in Via Digione, 9 da 25/12/2024 08:21 a 25/12/2024 10:36 (806)",15.15,0.647713
IT12277900960_HV28X,09247360960,10.0,2024-12-31,12277900960,1,319.18,49540001GF,TD01,CAMMISCIA SRL,via stendhal 30,14.00000000,FARINATA DI CECI GENOVESE TDI,34.25,2.4464285
IT12277900960_HV28X,09247360960,10.0,2024-12-31,12277900960,1,319.18,49540001GF,TD01,CAMMISCIA SRL,via stendhal 30,1.00000000,SALSA BARBEQUE TOPDOWN CALVE,2.5,2.5
IT12277900960_HV28X,09247360960,10.0,2024-12-31,12277900960,1,319.18,49540001GF,TD01,CAMMISCIA SRL,via stendhal 30,2.00000000,STINCO ALPINO GOURMET,10.73,5.365
IT12277900960_HV28X,09247360960,22.0,2024-12-31,12277900960,1,319.18,49540001GF,TD01,CAMMISCIA SRL,via stendhal 30,1.00000000,DET PIATTI ULT C LIMONE CRF,1.11,1.11
IT12277900960_HV28X,09247360960,22.0,2024-12-31,12277900960,1,319.18,49540001GF,TD01,CAMMISCIA SRL,via stendhal 30,1.00000000,PAVIM  LAVANDA FABULOSO,2.61,2.61
IT12277900960_HV28X,09247360960,10.0,2024-12-31,12277900960,1,319.18,49540001GF,TD01,CAMMISCIA SRL,via stendhal 30,2.00000000,PURE  DI PATATE GR420 CRF,5.25,2.625
IT12277900960_HV28X,09247360960,22.0,2024-12-31,12277900960,1,319.18,49540001GF,TD01,CAMMISCIA SRL,via stendhal 30,1.00000000,SHOPPER BIO BUGS BUNNY,0.1,0.1
IT12277900960_HV28X,09247360960,10.0,2024-12-31,12277900960,1,319.18,49540001GF,TD01,CAMMISCIA SRL,via stendhal 30,1.00000000,GUANCIALE TRANCIO 250 GR,4.9,4.9
IT12277900960_HV28X,09247360960,10.0,2024-12-31,12277900960,1,319.18,49540001GF,TD01,CAMMISCIA SRL,via stendhal 30,1.00000000,PESTO LIGURIA BASIL GENOV TDI,3.54,3.54
IT12277900960_HV28X,09247360960,4.0,2024-12-31,12277900960,1,319.18,49540001GF,TD01,CAMMISCIA SRL,via stendhal 30,1.00000000,PARMIG REG DOP 24 MESI CRF,7.84,7.84
IT12277900960_HV28X,09247360960,10.0,2024-12-31,12277900960,1,319.18,49540001GF,TD01,CAMMISCIA SRL,via stendhal 30,1.00000000,PESTO LIGURIA BASIL GENOV TDI,3.54,3.54
IT12277900960_HV28X,09247360960,22.0,2024-12-31,12277900960,1,319.18,49540001GF,TD01,CAMMISCIA SRL,via stendhal 30,1.00000000,SHOPPER BIO BUGS BUNNY,0.1,0.1
IT12277900960_HV28X,09247360960,4.0,2024-12-31,12277900960,1,319.18,49540001GF,TD01,CAMMISCIA SRL,via stendhal 30,1.00000000,LAMPONI GR 125,3.44,3.44
IT12277900960_HV28X,09247360960,4.0,2024-12-31,12277900960,1,319.18,49540001GF,TD01,CAMMISCIA SRL,via stendhal 30,1.00000000,MORE GR 125,3.51,3.51
IT12277900960_HV28X,09247360960,10.0,2024-12-31,12277900960,1,319.18,49540001GF,TD01,CAMMISCIA SRL,via stendhal 30,1.00000000,SALM ISLANDESE CRF SELECTION,5.14,5.14
IT12277900960_HV28X,09247360960,10.0,2024-12-31,12277900960,1,319.18,49540001GF,TD01,CAMMISCIA SRL,via stendhal 30,1.00000000,BARBABIETOLE COTTE S V GR400,1.25,1.25
IT12277900960_HV28X,09247360960,22.0,2024-12-31,12277900960,1,319.18,49540001GF,TD01,CAMMISCIA SRL,via stendhal 30,2.00000000,GIN GORDON S CL70,20.16,10.08
IT12277900960_HV28X,09247360960,10.0,2024-12-31,12277900960,1,319.18,49540001GF,TD01,CAMMISCIA SRL,via stendhal 30,10.00000000,FARINATA DI CECI GENOVESE TDI,26.09,2.609
IT12277900960_HV28X,09247360960,10.0,2024-12-31,12277900960,1,319.18,49540001GF,TD01,CAMMISCIA SRL,via stendhal 30,1.00000000,BARBABIETOLE COTTE S V GR400,1.13,1.13
IT12277900960_HV28X,09247360960,10.0,2024-12-31,12277900960,1,319.18,49540001GF,TD01,CAMMISCIA SRL,via stendhal 30,1.00000000,TORCETTI DELLA SERRA TDI,2.61,2.61
IT12277900960_HV28X,09247360960,10.0,2024-12-31,12277900960,1,319.18,49540001GF,TD01,CAMMISCIA SRL,via stendhal 30,1.00000000,ZUCCHERO A VELO CRF 125 GR,1.14,1.14
IT12277900960_HV28X,09247360960,4.0,2024-12-31,12277900960,1,319.18,49540001GF,TD01,CAMMISCIA SRL,via stendhal 30,4.00000000,FORMAGGIO SPALMABILE CRF,7.65,1.9125
IT12277900960_HV28X,09247360960,4.0,2024-12-31,12277900960,1,319.18,49540001GF,TD01,CAMMISCIA SRL,via stendhal 30,3.00000000,MASCARPONE CRF GR 250,6.61,2.2033334
IT12277900960_HV28X,09247360960,10.0,2024-12-31,12277900960,1,319.18,49540001GF,TD01,CAMMISCIA SRL,via stendhal 30,1.00000000,MINITOPPING CARAMELLO FABBRI,3.17,3.17
IT12277900960_HV28X,09247360960,10.0,2024-12-31,12277900960,1,319.18,49540001GF,TD01,CAMMISCIA SRL,via stendhal 30,1.00000000,PANNA CHEF UHT 125X3,3.05,3.05
IT12277900960_HV28X,09247360960,22.0,2024-12-31,12277900960,1,319.18,49540001GF,TD01,CAMMISCIA SRL,via stendhal 30,1.00000000,SHOPPER BIO BUGS BUNNY,0.1,0.1
IT12277900960_HV28X,09247360960,10.0,2024-12-31,12277900960,1,319.18,49540001GF,TD01,CAMMISCIA SRL,via stendhal 30,1.00000000,COTECHINO CASA MODENA SCATOLA,4.08,4.08
IT12277900960_HV28X,09247360960,10.0,2024-12-31,12277900960,1,319.18,49540001GF,TD01,CAMMISCIA SRL,via stendhal 30,1.00000000,COTECHINO CASA MODENA SCATOLA,4.08,4.08
IT12277900960_HV28X,09247360960,10.0,2024-12-31,12277900960,1,319.18,49540001GF,TD01,CAMMISCIA SRL,via stendhal 30,1.00000000,MENTA T V GR 20,1.26,1.26
IT12277900960_HV28X,09247360960,4.0,2024-12-31,12277900960,1,319.18,49540001GF,TD01,CAMMISCIA SRL,via stendhal 30,1.00000000,ROSMARINO,1.34,1.34
IT12277900960_HV28X,09247360960,10.0,2024-12-31,12277900960,1,319.18,49540001GF,TD01,CAMMISCIA SRL,via stendhal 30,12.00000000,FOCACCIA LIGURIA C FORM TDI,58.8,4.9
IT12277900960_HV28X,09247360960,10.0,2024-12-31,12277900960,1,319.18,49540001GF,TD01,CAMMISCIA SRL,via stendhal 30,4.00000000,FARINATA DI CECI GENOVESE TDI,10.87,2.7175
IT12277900960_HV28X,09247360960,10.0,2024-12-31,12277900960,1,319.18,49540001GF,TD01,CAMMISCIA SRL,via stendhal 30,1.00000000,ZUCCHERO GREZ ITAL100,1.08,1.08
IT12277900960_HV28X,09247360960,4.0,2024-12-31,12277900960,1,319.18,49540001GF,TD01,CAMMISCIA SRL,via stendhal 30,1.00000000,BURRO SENZA LATTOSIO CRF,2.78,2.78
IT12277900960_HV28X,09247360960,4.0,2024-12-31,12277900960,1,319.18,49540001GF,TD01,CAMMISCIA SRL,via stendhal 30,1.00000000,MORE GR 125,3.51,3.51
IT12277900960_HV28X,09247360960,4.0,2024-12-31,12277900960,1,319.18,49540001GF,TD01,CAMMISCIA SRL,via stendhal 30,1.00000000,MIRTILLI GR 125,2.58,2.58
IT12277900960_HV28X,09247360960,10.0,2024-12-31,12277900960,1,319.18,49540001GF,TD01,CAMMISCIA SRL,via stendhal 30,1.00000000,MENTA T V GR 20,1.26,1.26
IT12277900960_HV28X,09247360960,4.0,2024-12-31,12277900960,1,319.18,49540001GF,TD01,CAMMISCIA SRL,via stendhal 30,1.00000000,LAMPONI GR 125,2.84,2.84
IT12277900960_HV28X,09247360960,4.0,2024-12-31,12277900960,1,319.18,49540001GF,TD01,CAMMISCIA SRL,via stendhal 30,1.00000000,MASCARPONE CRF GR 250,2.2,2.2
IT12277900960_HV28X,09247360960,4.0,2024-12-31,12277900960,1,319.18,49540001GF,TD01,CAMMISCIA SRL,via stendhal 30,1.00000000,FORMAGGIO SPALMABILE CRF,1.91,1.91
IT12277900960_HV28X,09247360960,4.0,2024-12-31,12277900960,1,319.18,49540001GF,TD01,CAMMISCIA SRL,via stendhal 30,1.00000000,FORMAGGIO SPALMABILE CRF,1.91,1.91
IT12277900960_HV28X,09247360960,10.0,2024-12-31,12277900960,1,319.18,49540001GF,TD01,CAMMISCIA SRL,via stendhal 30,2.00000000,TORCETTI DELLA SERRA TDI,5.8,2.9
IT12277900960_HV28X,09247360960,22.0,2024-12-31,12277900960,1,319.18,49540001GF,TD01,CAMMISCIA SRL,via stendhal 30,1.00000000,BIRRA NASTRO AZZURR BT CL 33X3,2.7,2.7
IT12277900960_HV28X,09247360960,22.0,2024-12-31,12277900960,1,319.18,49540001GF,TD01,CAMMISCIA SRL,via stendhal 30,1.00000000,BIRRA NASTRO AZZURR BT CL 33X3,2.7,2.7
IT12277900960_HV28X,09247360960,4.0,2024-12-31,12277900960,1,319.18,49540001GF,TD01,CAMMISCIA SRL,via stendhal 30,1.00000000,MASCARPONE CRF GR 250,2.2,2.2
IT12277900960_HV28X,09247360960,4.0,2024-12-31,12277900960,1,319.18,49540001GF,TD01,CAMMISCIA SRL,via stendhal 30,4.00000000,GHIOTTOFRESCHI OSELLA,8.27,2.0675
IT12277900960_HV28X,09247360960,22.0,2024-12-31,12277900960,1,319.18,49540001GF,TD01,CAMMISCIA SRL,via stendhal 30,1.00000000,SHOPPER BIO BUGS BUNNY,0.1,0.1
IT12277900960_HV28X,09247360960,10.0,2024-12-31,12277900960,1,319.18,49540001GF,TD01,CAMMISCIA SRL,via stendhal 30,1.00000000,STELLA DI NATALE V16,6.35,6.35
IT13543130960BNXBB_0000Y,09247360960,22.0,2024-12-09,13543130960,,2074.00,1,TD01,,VIA STENDHAL,1.00000,"FORNITURA E POSA IN OPERA DI TRE TELI CRISTAL 
2 PIANTE SOSTEGNO
2 ASTE ALLUMINIO",1700.0,1700.0
IT13543130960BNXBB_0000Y,09247360960,22.0,2024-12-09,13543130960,,2074.00,1,TD01,,VIA STENDHAL,1.00000,Riga ausiliaria contenente informazioni tecniche e aggiuntive del documento,0.0,0.0
NL10209790152_Hyn4b,09247360960,22.0,2024-12-27,02767290808,Q.TA,131.76,2021,TD01,,Via Stendhal,6.00,"Felpa girocollo nera, completa di stampa con logo F/R",108.0,18.0
NL10209790152_I1DjK,09247360960,22.0,2024-12-31,06433300966,n,960.38,551216,TD01,MILANOVINO S.R.L.,VIA STENDHAL 30,12.00,"BALDISSERO - BARBERA D'ALBA ""GALE'""",106.8,8.9
NL10209790152_I1DjK,09247360960,22.0,2024-12-31,06433300966,n,960.38,551216,TD01,MILANOVINO S.R.L.,VIA STENDHAL 30,12.00,COMPARINI - RINNEGATO bio,114.0,9.5
NL10209790152_I1DjK,09247360960,22.0,2024-12-31,06433300966,n,960.38,551216,TD01,MILANOVINO S.R.L.,VIA STENDHAL 30,12.00,CORTE FUSIA - FRANCIACORTA BRUT,190.8,15.9
NL10209790152_I1DjK,09247360960,22.0,2024-12-31,06433300966,n,960.38,551216,TD01,MILANOVINO S.R.L.,VIA STENDHAL 30,12.00,CORTE FUSIA - FRANCIACORTA ROSE',238.8,19.9
NL10209790152_I1DjK,09247360960,22.0,2024-12-31,06433300966,n,960.38,551216,TD01,MILANOVINO S.R.L.,VIA STENDHAL 30,24.00,LA FARRA - PROSECCO DOC TREVISO EXTRA DRY,136.8,5.7
NL10209790152_I1DjK,09247360960,22.0,2024-12-31,06433300966,,960.38,551216,TD01,MILANOVINO S.R.L.,VIA STENDHAL 30,,Riga ausiliaria contenente informazioni tecniche e aggiuntive del documento,0.0,0.0
